function_ID,run_ID,dim,best_fitness,time_period,communication_percentage,total_FEs,node_num,GPU_num,island_num,total_pop_size,subisland_size,interval,migration_size,migration_rate,buffer_capacity,migration_topology,buffer_manage,regroup_option,configure_EA,EA_parameters
1,1,10,2825.735669177130148,0.210473060607910,0.000437251072738,100000,1,0,1,50,50,10,8,0.500000000000000,8,dynamicConnect,DP,null,constant,CR/F=0.3/0.5_rand/1/bin
1,2,10,1825.524202669781062,0.202600002288818,0.000405994120734,100000,1,0,1,50,50,10,8,0.500000000000000,8,dynamicConnect,DP,null,constant,CR/F=0.3/0.5_rand/1/bin
1,3,10,1145.817854276167509,0.205262899398804,0.000382142670469,100000,1,0,1,50,50,10,8,0.500000000000000,8,dynamicConnect,DP,null,constant,CR/F=0.3/0.5_rand/1/bin
1,4,10,3246.897450826058503,0.210772991180420,0.000442284677494,100000,1,0,1,50,50,10,8,0.500000000000000,8,dynamicConnect,DP,null,constant,CR/F=0.3/0.5_rand/1/bin
1,5,10,3609.002533563986162,0.272536993026733,0.000469773939881,100000,1,0,1,50,50,10,8,0.500000000000000,8,dynamicConnect,DP,null,constant,CR/F=0.3/0.5_rand/1/bin
1,6,10,3276.112155298406833,0.233866930007935,0.000483225253311,100000,1,0,1,50,50,10,8,0.500000000000000,8,dynamicConnect,DP,null,constant,CR/F=0.3/0.5_rand/1/bin
1,7,10,929.092644895313242,0.245870113372803,0.000399513601887,100000,1,0,1,50,50,10,8,0.500000000000000,8,dynamicConnect,DP,null,constant,CR/F=0.3/0.5_rand/1/bin
1,8,10,1289.022615384469418,0.278836965560913,0.000768686828094,100000,1,0,1,50,50,10,8,0.500000000000000,8,dynamicConnect,DP,null,constant,CR/F=0.3/0.5_rand/1/bin
1,9,10,2486.256748702019649,0.336168050765991,0.000424116182302,100000,1,0,1,50,50,10,8,0.500000000000000,8,dynamicConnect,DP,null,constant,CR/F=0.3/0.5_rand/1/bin
1,10,10,1050.942162641373216,0.290342807769775,0.000436858364277,100000,1,0,1,50,50,10,8,0.500000000000000,8,dynamicConnect,DP,null,constant,CR/F=0.3/0.5_rand/1/bin
1,11,10,2783.954557695436961,0.309221029281616,0.000434860717351,100000,1,0,1,50,50,10,8,0.500000000000000,8,dynamicConnect,DP,null,constant,CR/F=0.3/0.5_rand/1/bin
1,12,10,2919.199855167110400,0.247636795043945,0.000387035653493,100000,1,0,1,50,50,10,8,0.500000000000000,8,dynamicConnect,DP,null,constant,CR/F=0.3/0.5_rand/1/bin
1,13,10,2069.186377455217553,0.243403196334839,0.000400624150878,100000,1,0,1,50,50,10,8,0.500000000000000,8,dynamicConnect,DP,null,constant,CR/F=0.3/0.5_rand/1/bin
1,14,10,7799.910942545866419,0.250225067138672,0.000514520923851,100000,1,0,1,50,50,10,8,0.500000000000000,8,dynamicConnect,DP,null,constant,CR/F=0.3/0.5_rand/1/bin
1,15,10,1585.529027302387703,0.251552820205688,0.000737378552899,100000,1,0,1,50,50,10,8,0.500000000000000,8,dynamicConnect,DP,null,constant,CR/F=0.3/0.5_rand/1/bin
1,16,10,1883.494454756692221,0.257977008819580,0.000516619625631,100000,1,0,1,50,50,10,8,0.500000000000000,8,dynamicConnect,DP,null,constant,CR/F=0.3/0.5_rand/1/bin
1,17,10,1524.298958788475829,0.252305984497070,0.000429010969073,100000,1,0,1,50,50,10,8,0.500000000000000,8,dynamicConnect,DP,null,constant,CR/F=0.3/0.5_rand/1/bin
1,18,10,5544.905794259292634,0.260614871978760,0.000545239310657,100000,1,0,1,50,50,10,8,0.500000000000000,8,dynamicConnect,DP,null,constant,CR/F=0.3/0.5_rand/1/bin
1,19,10,5611.137487251387029,0.263651132583618,0.000529917265989,100000,1,0,1,50,50,10,8,0.500000000000000,8,dynamicConnect,DP,null,constant,CR/F=0.3/0.5_rand/1/bin
1,20,10,4300.265516953008955,0.280550956726074,0.000564282290714,100000,1,0,1,50,50,10,8,0.500000000000000,8,dynamicConnect,DP,null,constant,CR/F=0.3/0.5_rand/1/bin
1,21,10,2868.177909278744664,0.255330801010132,0.000795566490964,100000,1,0,1,50,50,10,8,0.500000000000000,8,dynamicConnect,DP,null,constant,CR/F=0.3/0.5_rand/1/bin
1,22,10,5584.843170889352223,0.251217126846313,0.000446055305164,100000,1,0,1,50,50,10,8,0.500000000000000,8,dynamicConnect,DP,null,constant,CR/F=0.3/0.5_rand/1/bin
1,23,10,1091.798682371205359,0.254758119583130,0.000502558180234,100000,1,0,1,50,50,10,8,0.500000000000000,8,dynamicConnect,DP,null,constant,CR/F=0.3/0.5_rand/1/bin
1,24,10,4437.313989775061600,0.249258041381836,0.000966078219814,100000,1,0,1,50,50,10,8,0.500000000000000,8,dynamicConnect,DP,null,constant,CR/F=0.3/0.5_rand/1/bin
1,25,10,3222.722537150406424,0.250295877456665,0.000424835947598,100000,1,0,1,50,50,10,8,0.500000000000000,8,dynamicConnect,DP,null,constant,CR/F=0.3/0.5_rand/1/bin
1,26,10,6215.960909584210640,0.246001005172729,0.000399301029363,100000,1,0,1,50,50,10,8,0.500000000000000,8,dynamicConnect,DP,null,constant,CR/F=0.3/0.5_rand/1/bin
1,27,10,950.783171731586663,0.211148977279663,0.000486663060919,100000,1,0,1,50,50,10,8,0.500000000000000,8,dynamicConnect,DP,null,constant,CR/F=0.3/0.5_rand/1/bin
1,28,10,4280.918188039200686,0.194459915161133,0.000370268653203,100000,1,0,1,50,50,10,8,0.500000000000000,8,dynamicConnect,DP,null,constant,CR/F=0.3/0.5_rand/1/bin
1,29,10,1573.938549712063832,0.201855897903442,0.000479539830744,100000,1,0,1,50,50,10,8,0.500000000000000,8,dynamicConnect,DP,null,constant,CR/F=0.3/0.5_rand/1/bin
1,30,10,978.110863739786510,0.197999000549316,0.000363650375451,100000,1,0,1,50,50,10,8,0.500000000000000,8,dynamicConnect,DP,null,constant,CR/F=0.3/0.5_rand/1/bin
2,1,10,286517711.363388299942017,0.174340963363647,0.000445818672144,100000,1,0,1,50,50,10,8,0.500000000000000,8,dynamicConnect,DP,null,constant,CR/F=0.3/0.5_rand/1/bin
2,2,10,200.000000000000000,0.184777975082397,0.000612891363393,100000,1,0,1,50,50,10,8,0.500000000000000,8,dynamicConnect,DP,null,constant,CR/F=0.3/0.5_rand/1/bin
2,3,10,200.000000000000000,0.195466995239258,0.000495213746938,100000,1,0,1,50,50,10,8,0.500000000000000,8,dynamicConnect,DP,null,constant,CR/F=0.3/0.5_rand/1/bin
2,4,10,200.000000000000000,0.192451000213623,0.000808971280900,100000,1,0,1,50,50,10,8,0.500000000000000,8,dynamicConnect,DP,null,constant,CR/F=0.3/0.5_rand/1/bin
2,5,10,199878141.149113148450851,0.249603986740112,0.000536815309743,100000,1,0,1,50,50,10,8,0.500000000000000,8,dynamicConnect,DP,null,constant,CR/F=0.3/0.5_rand/1/bin
2,6,10,41041596.856322519481182,0.206173896789551,0.000714652456878,100000,1,0,1,50,50,10,8,0.500000000000000,8,dynamicConnect,DP,null,constant,CR/F=0.3/0.5_rand/1/bin
2,7,10,200.000000000000000,0.213052034378052,0.000515887892301,100000,1,0,1,50,50,10,8,0.500000000000000,8,dynamicConnect,DP,null,constant,CR/F=0.3/0.5_rand/1/bin
2,8,10,179520379.796987354755402,0.205061912536621,0.000527850509015,100000,1,0,1,50,50,10,8,0.500000000000000,8,dynamicConnect,DP,null,constant,CR/F=0.3/0.5_rand/1/bin
2,9,10,200.000000000000000,0.207503080368042,0.000698584791304,100000,1,0,1,50,50,10,8,0.500000000000000,8,dynamicConnect,DP,null,constant,CR/F=0.3/0.5_rand/1/bin
2,10,10,200.000000000000142,0.212738037109375,0.000630962200545,100000,1,0,1,50,50,10,8,0.500000000000000,8,dynamicConnect,DP,null,constant,CR/F=0.3/0.5_rand/1/bin
2,11,10,200.000000000000000,0.212403059005737,0.000615120055047,100000,1,0,1,50,50,10,8,0.500000000000000,8,dynamicConnect,DP,null,constant,CR/F=0.3/0.5_rand/1/bin
2,12,10,749810.325625482364558,0.217847824096680,0.000476075821915,100000,1,0,1,50,50,10,8,0.500000000000000,8,dynamicConnect,DP,null,constant,CR/F=0.3/0.5_rand/1/bin
2,13,10,26177.111507234276360,0.258940935134888,0.000592959799351,100000,1,0,1,50,50,10,8,0.500000000000000,8,dynamicConnect,DP,null,constant,CR/F=0.3/0.5_rand/1/bin
2,14,10,200.000000000033367,0.259186029434204,0.000584120209179,100000,1,0,1,50,50,10,8,0.500000000000000,8,dynamicConnect,DP,null,constant,CR/F=0.3/0.5_rand/1/bin
2,15,10,200.000000000000000,0.248030900955200,0.000603662152978,100000,1,0,1,50,50,10,8,0.500000000000000,8,dynamicConnect,DP,null,constant,CR/F=0.3/0.5_rand/1/bin
2,16,10,200.000000000000085,0.269212961196899,0.000580962325125,100000,1,0,1,50,50,10,8,0.500000000000000,8,dynamicConnect,DP,null,constant,CR/F=0.3/0.5_rand/1/bin
2,17,10,200.000000000000114,0.245638132095337,0.000595953919368,100000,1,0,1,50,50,10,8,0.500000000000000,8,dynamicConnect,DP,null,constant,CR/F=0.3/0.5_rand/1/bin
2,18,10,200.000000000000000,0.251765012741089,0.000443190631632,100000,1,0,1,50,50,10,8,0.500000000000000,8,dynamicConnect,DP,null,constant,CR/F=0.3/0.5_rand/1/bin
2,19,10,200.000000000000000,0.254848957061768,0.000593125359009,100000,1,0,1,50,50,10,8,0.500000000000000,8,dynamicConnect,DP,null,constant,CR/F=0.3/0.5_rand/1/bin
2,20,10,200.000000000080007,0.249662160873413,0.000564384205264,100000,1,0,1,50,50,10,8,0.500000000000000,8,dynamicConnect,DP,null,constant,CR/F=0.3/0.5_rand/1/bin
2,21,10,214.677741139494543,0.251169919967651,0.000542960826136,100000,1,0,1,50,50,10,8,0.500000000000000,8,dynamicConnect,DP,null,constant,CR/F=0.3/0.5_rand/1/bin
2,22,10,200.000000000000028,0.241860866546631,0.000522456769167,100000,1,0,1,50,50,10,8,0.500000000000000,8,dynamicConnect,DP,null,constant,CR/F=0.3/0.5_rand/1/bin
2,23,10,4224.476702176643812,0.247646808624268,0.000539132343512,100000,1,0,1,50,50,10,8,0.500000000000000,8,dynamicConnect,DP,null,constant,CR/F=0.3/0.5_rand/1/bin
2,24,10,72765989.955350458621979,0.245539903640747,0.000658336157317,100000,1,0,1,50,50,10,8,0.500000000000000,8,dynamicConnect,DP,null,constant,CR/F=0.3/0.5_rand/1/bin
2,25,10,200.000000000000000,0.240615844726562,0.000522187519817,100000,1,0,1,50,50,10,8,0.500000000000000,8,dynamicConnect,DP,null,constant,CR/F=0.3/0.5_rand/1/bin
2,26,10,42024037.051401808857918,0.241860866546631,0.000542172118947,100000,1,0,1,50,50,10,8,0.500000000000000,8,dynamicConnect,DP,null,constant,CR/F=0.3/0.5_rand/1/bin
2,27,10,200.000000000000000,0.280641078948975,0.000593835326660,100000,1,0,1,50,50,10,8,0.500000000000000,8,dynamicConnect,DP,null,constant,CR/F=0.3/0.5_rand/1/bin
2,28,10,200.000000000000000,0.253414869308472,0.000551322373998,100000,1,0,1,50,50,10,8,0.500000000000000,8,dynamicConnect,DP,null,constant,CR/F=0.3/0.5_rand/1/bin
2,29,10,621.589082519583826,0.274646043777466,0.000527801143974,100000,1,0,1,50,50,10,8,0.500000000000000,8,dynamicConnect,DP,null,constant,CR/F=0.3/0.5_rand/1/bin
2,30,10,200.000000000000142,0.246197938919067,0.000565546774301,100000,1,0,1,50,50,10,8,0.500000000000000,8,dynamicConnect,DP,null,constant,CR/F=0.3/0.5_rand/1/bin
3,1,10,300.000000000000000,0.250286817550659,0.000553449821343,100000,1,0,1,50,50,10,8,0.500000000000000,8,dynamicConnect,DP,null,constant,CR/F=0.3/0.5_rand/1/bin
1,1,10,1540.497826540740562,0.200825929641724,0.000366841777224,100000,1,0,1,50,50,10,8,0.500000000000000,8,dynamicConnect,DP,null,constant,CR/F=0.3/0.5_rand/1/bin
1,2,10,3641.116339665419673,0.200059890747070,0.000344411711428,100000,1,0,1,50,50,10,8,0.500000000000000,8,dynamicConnect,DP,null,constant,CR/F=0.3/0.5_rand/1/bin
1,3,10,4593.046199760228774,0.193071842193604,0.000371695797244,100000,1,0,1,50,50,10,8,0.500000000000000,8,dynamicConnect,DP,null,constant,CR/F=0.3/0.5_rand/1/bin
1,4,10,2211.582551916055763,0.205219030380249,0.000462386915612,100000,1,0,1,50,50,10,8,0.500000000000000,8,dynamicConnect,DP,null,constant,CR/F=0.3/0.5_rand/1/bin
1,5,10,1888.384463117352880,0.225647926330566,0.000585353896090,100000,1,0,1,50,50,10,8,0.500000000000000,8,dynamicConnect,DP,null,constant,CR/F=0.3/0.5_rand/1/bin
1,6,10,3955.880425298036243,0.221426963806152,0.000538368442134,100000,1,0,1,50,50,10,8,0.500000000000000,8,dynamicConnect,DP,null,constant,CR/F=0.3/0.5_rand/1/bin
1,7,10,2101.567168882975238,0.259475946426392,0.000476881361290,100000,1,0,1,50,50,10,8,0.500000000000000,8,dynamicConnect,DP,null,constant,CR/F=0.3/0.5_rand/1/bin
1,8,10,1162.531138724930543,0.227264881134033,0.000499361111519,100000,1,0,1,50,50,10,8,0.500000000000000,8,dynamicConnect,DP,null,constant,CR/F=0.3/0.5_rand/1/bin
1,9,10,1630.625798768463255,0.237854957580566,0.000470111343215,100000,1,0,1,50,50,10,8,0.500000000000000,8,dynamicConnect,DP,null,constant,CR/F=0.3/0.5_rand/1/bin
1,10,10,1450.456616624625440,0.245170831680298,0.000520265559101,100000,1,0,1,50,50,10,8,0.500000000000000,8,dynamicConnect,DP,null,constant,CR/F=0.3/0.5_rand/1/bin
1,11,10,4110.825165372149968,0.243713855743408,0.000521419277839,100000,1,0,1,50,50,10,8,0.500000000000000,8,dynamicConnect,DP,null,constant,CR/F=0.3/0.5_rand/1/bin
1,12,10,3267.054002969817702,0.238162994384766,0.000589632085596,100000,1,0,1,50,50,10,8,0.500000000000000,8,dynamicConnect,DP,null,constant,CR/F=0.3/0.5_rand/1/bin
1,13,10,1990.842943091360212,0.248987913131714,0.000606129665786,100000,1,0,1,50,50,10,8,0.500000000000000,8,dynamicConnect,DP,null,constant,CR/F=0.3/0.5_rand/1/bin
1,14,10,36739.263848367270839,0.249749183654785,0.000925993103738,100000,1,0,1,50,50,10,8,0.500000000000000,8,dynamicConnect,DP,null,constant,CR/F=0.3/0.5_rand/1/bin
1,15,10,4673.703710080695600,0.243582010269165,0.000469824999976,100000,1,0,1,50,50,10,8,0.500000000000000,8,dynamicConnect,DP,null,constant,CR/F=0.3/0.5_rand/1/bin
1,16,10,3571.218228049532627,0.242498159408569,0.000372624030219,100000,1,0,1,50,50,10,8,0.500000000000000,8,dynamicConnect,DP,null,constant,CR/F=0.3/0.5_rand/1/bin
1,17,10,2375.127705431658342,0.247030019760132,0.000389916602244,100000,1,0,1,50,50,10,8,0.500000000000000,8,dynamicConnect,DP,null,constant,CR/F=0.3/0.5_rand/1/bin
1,18,10,9250.616621473744090,0.246059179306030,0.000592996249202,100000,1,0,1,50,50,10,8,0.500000000000000,8,dynamicConnect,DP,null,constant,CR/F=0.3/0.5_rand/1/bin
1,19,10,3853.995244638963413,0.235193967819214,0.000462251957728,100000,1,0,1,50,50,10,8,0.500000000000000,8,dynamicConnect,DP,null,constant,CR/F=0.3/0.5_rand/1/bin
1,20,10,4348.734871746466524,0.232599973678589,0.000556583418324,100000,1,0,1,50,50,10,8,0.500000000000000,8,dynamicConnect,DP,null,constant,CR/F=0.3/0.5_rand/1/bin
1,21,10,4441.357790254341126,0.234261989593506,0.000515995872033,100000,1,0,1,50,50,10,8,0.500000000000000,8,dynamicConnect,DP,null,constant,CR/F=0.3/0.5_rand/1/bin
1,22,10,6556.330531889308077,0.244467020034790,0.000540293299290,100000,1,0,1,50,50,10,8,0.500000000000000,8,dynamicConnect,DP,null,constant,CR/F=0.3/0.5_rand/1/bin
1,23,10,3276.175708931974896,0.237537145614624,0.000399476865974,100000,1,0,1,50,50,10,8,0.500000000000000,8,dynamicConnect,DP,null,constant,CR/F=0.3/0.5_rand/1/bin
1,24,10,509.382152354553739,0.253225088119507,0.000398266458150,100000,1,0,1,50,50,10,8,0.500000000000000,8,dynamicConnect,DP,null,constant,CR/F=0.3/0.5_rand/1/bin
1,25,10,13420.435116344189737,0.239766120910645,0.000520060617391,100000,1,0,1,50,50,10,8,0.500000000000000,8,dynamicConnect,DP,null,constant,CR/F=0.3/0.5_rand/1/bin
1,26,10,4252.330717413075035,0.233489990234375,0.000459498758332,100000,1,0,1,50,50,10,8,0.500000000000000,8,dynamicConnect,DP,null,constant,CR/F=0.3/0.5_rand/1/bin
1,27,10,2928.913074711103036,0.234679937362671,0.000517108782823,100000,1,0,1,50,50,10,8,0.500000000000000,8,dynamicConnect,DP,null,constant,CR/F=0.3/0.5_rand/1/bin
1,28,10,6720.563830100534688,0.230340957641602,0.000537200347783,100000,1,0,1,50,50,10,8,0.500000000000000,8,dynamicConnect,DP,null,constant,CR/F=0.3/0.5_rand/1/bin
1,29,10,1202.407996141816739,0.225648880004883,0.000488145048815,100000,1,0,1,50,50,10,8,0.500000000000000,8,dynamicConnect,DP,null,constant,CR/F=0.3/0.5_rand/1/bin
1,30,10,2342.944808596490020,0.226609945297241,0.000564983045248,100000,1,0,1,50,50,10,8,0.500000000000000,8,dynamicConnect,DP,null,constant,CR/F=0.3/0.5_rand/1/bin
2,1,10,200.000000000000000,0.199326992034912,0.000568155992909,100000,1,0,1,50,50,10,8,0.500000000000000,8,dynamicConnect,DP,null,constant,CR/F=0.3/0.5_rand/1/bin
2,2,10,200.000000000000000,0.191762924194336,0.000499806045415,100000,1,0,1,50,50,10,8,0.500000000000000,8,dynamicConnect,DP,null,constant,CR/F=0.3/0.5_rand/1/bin
2,3,10,3126751.391076788771898,0.191653966903687,0.000595878609948,100000,1,0,1,50,50,10,8,0.500000000000000,8,dynamicConnect,DP,null,constant,CR/F=0.3/0.5_rand/1/bin
2,4,10,200.000000000227828,0.192132949829102,0.000557165973415,100000,1,0,1,50,50,10,8,0.500000000000000,8,dynamicConnect,DP,null,constant,CR/F=0.3/0.5_rand/1/bin
2,5,10,294162992.175195991992950,0.198068141937256,0.000489914030319,100000,1,0,1,50,50,10,8,0.500000000000000,8,dynamicConnect,DP,null,constant,CR/F=0.3/0.5_rand/1/bin
2,6,10,200.000000000000000,0.202388048171997,0.000500661462144,100000,1,0,1,50,50,10,8,0.500000000000000,8,dynamicConnect,DP,null,constant,CR/F=0.3/0.5_rand/1/bin
2,7,10,20415616.263374794274569,0.205444812774658,0.000487409742160,100000,1,0,1,50,50,10,8,0.500000000000000,8,dynamicConnect,DP,null,constant,CR/F=0.3/0.5_rand/1/bin
2,8,10,8374.921134620013618,0.212229013442993,0.000630228735959,100000,1,0,1,50,50,10,8,0.500000000000000,8,dynamicConnect,DP,null,constant,CR/F=0.3/0.5_rand/1/bin
2,9,10,200.000000000000028,0.261711120605469,0.000502871468968,100000,1,0,1,50,50,10,8,0.500000000000000,8,dynamicConnect,DP,null,constant,CR/F=0.3/0.5_rand/1/bin
2,10,10,200.000000000000171,0.233805179595947,0.000514964564320,100000,1,0,1,50,50,10,8,0.500000000000000,8,dynamicConnect,DP,null,constant,CR/F=0.3/0.5_rand/1/bin
2,11,10,30407115.254147108644247,0.233973026275635,0.000593058162498,100000,1,0,1,50,50,10,8,0.500000000000000,8,dynamicConnect,DP,null,constant,CR/F=0.3/0.5_rand/1/bin
2,12,10,39754544.557145014405251,0.228578805923462,0.000614355047151,100000,1,0,1,50,50,10,8,0.500000000000000,8,dynamicConnect,DP,null,constant,CR/F=0.3/0.5_rand/1/bin
2,13,10,200.000000000000000,0.233412981033325,0.000542387423966,100000,1,0,1,50,50,10,8,0.500000000000000,8,dynamicConnect,DP,null,constant,CR/F=0.3/0.5_rand/1/bin
1,1,10,100.000000000003638,2.674068927764893,0.000551183868412,100000,1,0,1,50,50,10,8,0.500000000000000,8,dynamicConnect,DP,null,constant,CR/F=0.3/0.5_rand/1/bin
1,2,10,100.000000000003794,2.705600023269653,0.000509247840323,100000,1,0,1,50,50,10,8,0.500000000000000,8,dynamicConnect,DP,null,constant,CR/F=0.3/0.5_rand/1/bin
1,3,10,100.000000000020023,2.693506956100464,0.000517907370970,100000,1,0,1,50,50,10,8,0.500000000000000,8,dynamicConnect,DP,null,constant,CR/F=0.3/0.5_rand/1/bin
1,4,10,100.000000000003425,2.568310022354126,0.000508063618514,100000,1,0,1,50,50,10,8,0.500000000000000,8,dynamicConnect,DP,null,constant,CR/F=0.3/0.5_rand/1/bin
1,5,10,100.000000000001648,1.995360136032104,0.000414259661110,100000,1,0,1,50,50,10,8,0.500000000000000,8,dynamicConnect,DP,null,constant,CR/F=0.3/0.5_rand/1/bin
1,6,10,100.000000000013060,2.544568061828613,0.000479354224782,100000,1,0,1,50,50,10,8,0.500000000000000,8,dynamicConnect,DP,null,constant,CR/F=0.3/0.5_rand/1/bin
1,7,10,100.000000000006082,2.697889089584351,0.000527052209541,100000,1,0,1,50,50,10,8,0.500000000000000,8,dynamicConnect,DP,null,constant,CR/F=0.3/0.5_rand/1/bin
1,8,10,100.000000000003681,2.742944002151489,0.000500054716573,100000,1,0,1,50,50,10,8,0.500000000000000,8,dynamicConnect,DP,null,constant,CR/F=0.3/0.5_rand/1/bin
1,9,10,100.000000000002842,2.662120103836060,0.000530820122014,100000,1,0,1,50,50,10,8,0.500000000000000,8,dynamicConnect,DP,null,constant,CR/F=0.3/0.5_rand/1/bin
1,10,10,100.000000000009578,2.652488946914673,0.000495714964345,100000,1,0,1,50,50,10,8,0.500000000000000,8,dynamicConnect,DP,null,constant,CR/F=0.3/0.5_rand/1/bin
1,11,10,100.000000000001535,2.748975992202759,0.000527057969698,100000,1,0,1,50,50,10,8,0.500000000000000,8,dynamicConnect,DP,null,constant,CR/F=0.3/0.5_rand/1/bin
1,12,10,100.000000000005372,2.765030145645142,0.000506666291869,100000,1,0,1,50,50,10,8,0.500000000000000,8,dynamicConnect,DP,null,constant,CR/F=0.3/0.5_rand/1/bin
1,13,10,100.000000000005429,2.734487056732178,0.000525578349799,100000,1,0,1,50,50,10,8,0.500000000000000,8,dynamicConnect,DP,null,constant,CR/F=0.3/0.5_rand/1/bin
1,14,10,100.000000000004889,2.747850894927979,0.000533867947464,100000,1,0,1,50,50,10,8,0.500000000000000,8,dynamicConnect,DP,null,constant,CR/F=0.3/0.5_rand/1/bin
1,15,10,100.000000000035328,2.761768817901611,0.000494488029643,100000,1,0,1,50,50,10,8,0.500000000000000,8,dynamicConnect,DP,null,constant,CR/F=0.3/0.5_rand/1/bin
1,16,10,100.000000000019369,2.768528223037720,0.000528502764671,100000,1,0,1,50,50,10,8,0.500000000000000,8,dynamicConnect,DP,null,constant,CR/F=0.3/0.5_rand/1/bin
1,17,10,100.000000000008754,2.757587909698486,0.000519792131564,100000,1,0,1,50,50,10,8,0.500000000000000,8,dynamicConnect,DP,null,constant,CR/F=0.3/0.5_rand/1/bin
1,18,10,100.000000000008029,2.796385049819946,0.000496978017270,100000,1,0,1,50,50,10,8,0.500000000000000,8,dynamicConnect,DP,null,constant,CR/F=0.3/0.5_rand/1/bin
1,19,10,100.000000000012491,2.712016105651855,0.000520262821516,100000,1,0,1,50,50,10,8,0.500000000000000,8,dynamicConnect,DP,null,constant,CR/F=0.3/0.5_rand/1/bin
1,20,10,100.000000000014396,2.597877979278564,0.000466213729627,100000,1,0,1,50,50,10,8,0.500000000000000,8,dynamicConnect,DP,null,constant,CR/F=0.3/0.5_rand/1/bin
1,21,10,100.000000000001222,2.601500988006592,0.000518994388115,100000,1,0,1,50,50,10,8,0.500000000000000,8,dynamicConnect,DP,null,constant,CR/F=0.3/0.5_rand/1/bin
1,22,10,100.000000000013486,2.504639863967896,0.000506414857907,100000,1,0,1,50,50,10,8,0.500000000000000,8,dynamicConnect,DP,null,constant,CR/F=0.3/0.5_rand/1/bin
1,23,10,100.000000000009493,2.587296009063721,0.000486181874410,100000,1,0,1,50,50,10,8,0.500000000000000,8,dynamicConnect,DP,null,constant,CR/F=0.3/0.5_rand/1/bin
1,24,10,100.000000000016783,2.676398038864136,0.000493513636254,100000,1,0,1,50,50,10,8,0.500000000000000,8,dynamicConnect,DP,null,constant,CR/F=0.3/0.5_rand/1/bin
1,25,10,100.000000000001037,2.490247011184692,0.000469034844243,100000,1,0,1,50,50,10,8,0.500000000000000,8,dynamicConnect,DP,null,constant,CR/F=0.3/0.5_rand/1/bin
1,26,10,100.000000000035726,2.654072046279907,0.000518236415159,100000,1,0,1,50,50,10,8,0.500000000000000,8,dynamicConnect,DP,null,constant,CR/F=0.3/0.5_rand/1/bin
1,27,10,100.000000000000114,2.646214962005615,0.000493106154322,100000,1,0,1,50,50,10,8,0.500000000000000,8,dynamicConnect,DP,null,constant,CR/F=0.3/0.5_rand/1/bin
1,28,10,100.000000000004093,2.707496881484985,0.000509595533312,100000,1,0,1,50,50,10,8,0.500000000000000,8,dynamicConnect,DP,null,constant,CR/F=0.3/0.5_rand/1/bin
1,29,10,100.000000000001620,2.717638969421387,0.000521993745901,100000,1,0,1,50,50,10,8,0.500000000000000,8,dynamicConnect,DP,null,constant,CR/F=0.3/0.5_rand/1/bin
1,30,10,100.000000000001805,2.732021093368530,0.000501355842480,100000,1,0,1,50,50,10,8,0.500000000000000,8,dynamicConnect,DP,null,constant,CR/F=0.3/0.5_rand/1/bin
2,1,10,286517691.854325056076050,2.377063035964966,0.000640312934893,100000,1,0,1,50,50,10,8,0.500000000000000,8,dynamicConnect,DP,null,constant,CR/F=0.3/0.5_rand/1/bin
2,2,10,200.000000000000000,2.331979036331177,0.000637560731085,100000,1,0,1,50,50,10,8,0.500000000000000,8,dynamicConnect,DP,null,constant,CR/F=0.3/0.5_rand/1/bin
2,3,10,200.000000000000000,2.353469133377075,0.000619987610378,100000,1,0,1,50,50,10,8,0.500000000000000,8,dynamicConnect,DP,null,constant,CR/F=0.3/0.5_rand/1/bin
2,1,10,286517691.854325056076050,2.347545146942139,0.000610075766393,100000,1,0,1,50,50,10,8,0.500000000000000,8,dynamicConnect,DP,null,constant,CR/F=0.3/0.5_rand/1/bin
2,2,10,200.000000000000000,2.365516901016235,0.000616628385245,100000,1,0,1,50,50,10,8,0.500000000000000,8,dynamicConnect,DP,null,constant,CR/F=0.3/0.5_rand/1/bin
2,1,10,185691876.557313978672028,0.240468978881836,0.000624628197501,100000,1,0,1,50,50,10,8,0.500000000000000,8,dynamicConnect,DP,null,constant,CR/F=0.3/0.5_best/1/bin
2,2,10,15667965.133357727900147,0.240741014480591,0.000725928728258,100000,1,0,1,50,50,10,8,0.500000000000000,8,dynamicConnect,DP,null,constant,CR/F=0.3/0.5_best/1/bin
2,3,10,1035752.481913842493668,0.236263036727905,0.000530798953337,100000,1,0,1,50,50,10,8,0.500000000000000,8,dynamicConnect,DP,null,constant,CR/F=0.3/0.5_best/1/bin
2,4,10,6877.572834412011616,0.237766027450562,0.000587608283873,100000,1,0,1,50,50,10,8,0.500000000000000,8,dynamicConnect,DP,null,constant,CR/F=0.3/0.5_best/1/bin
2,5,10,90529.801930856745457,0.237311124801636,0.000544529338779,100000,1,0,1,50,50,10,8,0.500000000000000,8,dynamicConnect,DP,null,constant,CR/F=0.3/0.5_best/1/bin
2,6,10,289549641.238401353359222,0.229404926300049,0.000636046369027,100000,1,0,1,50,50,10,8,0.500000000000000,8,dynamicConnect,DP,null,constant,CR/F=0.3/0.5_best/1/bin
2,7,10,200.000000000000000,0.232333898544312,0.000545932749705,100000,1,0,1,50,50,10,8,0.500000000000000,8,dynamicConnect,DP,null,constant,CR/F=0.3/0.5_best/1/bin
2,8,10,127336179.180276662111282,0.232596874237061,0.000540190368416,100000,1,0,1,50,50,10,8,0.500000000000000,8,dynamicConnect,DP,null,constant,CR/F=0.3/0.5_best/1/bin
2,9,10,56798623.657557003200054,0.223438978195190,0.000682906321258,100000,1,0,1,50,50,10,8,0.500000000000000,8,dynamicConnect,DP,null,constant,CR/F=0.3/0.5_best/1/bin
2,10,10,385386.743568461155519,0.212819099426270,0.000463799029383,100000,1,0,1,50,50,10,8,0.500000000000000,8,dynamicConnect,DP,null,constant,CR/F=0.3/0.5_best/1/bin
2,11,10,179185990.624762624502182,0.191123008728027,0.000526428717560,100000,1,0,1,50,50,10,8,0.500000000000000,8,dynamicConnect,DP,null,constant,CR/F=0.3/0.5_best/1/bin
2,12,10,200.000000000000000,0.170867919921875,0.000466043043401,100000,1,0,1,50,50,10,8,0.500000000000000,8,dynamicConnect,DP,null,constant,CR/F=0.3/0.5_best/1/bin
2,13,10,11600911.160352610051632,0.152553081512451,0.000467294101467,100000,1,0,1,50,50,10,8,0.500000000000000,8,dynamicConnect,DP,null,constant,CR/F=0.3/0.5_best/1/bin
2,14,10,23604.282022665134718,0.161983966827393,0.000531343371455,100000,1,0,1,50,50,10,8,0.500000000000000,8,dynamicConnect,DP,null,constant,CR/F=0.3/0.5_best/1/bin
2,15,10,866778.126880313619040,0.184465885162354,0.000504067436468,100000,1,0,1,50,50,10,8,0.500000000000000,8,dynamicConnect,DP,null,constant,CR/F=0.3/0.5_best/1/bin
2,16,10,200.000000000000000,0.250622987747192,0.000572684835933,100000,1,0,1,50,50,10,8,0.500000000000000,8,dynamicConnect,DP,null,constant,CR/F=0.3/0.5_best/1/bin
2,17,10,426827.986969613761175,0.218709230422974,0.000545058337594,100000,1,0,1,50,50,10,8,0.500000000000000,8,dynamicConnect,DP,null,constant,CR/F=0.3/0.5_best/1/bin
2,18,10,200.000000000000000,0.242080926895142,0.000510163380315,100000,1,0,1,50,50,10,8,0.500000000000000,8,dynamicConnect,DP,null,constant,CR/F=0.3/0.5_best/1/bin
2,19,10,7774837.564322048798203,0.211277008056641,0.000529249796876,100000,1,0,1,50,50,10,8,0.500000000000000,8,dynamicConnect,DP,null,constant,CR/F=0.3/0.5_best/1/bin
2,1,10,14166974.000647256150842,0.175117969512939,0.000379851272570,100000,1,0,1,50,50,10,8,0.500000000000000,8,dynamicConnect,DP,null,constant,CR/F=0.3/0.5_best/1/bin
2,2,10,144528841.313925117254257,0.168565034866333,0.000469581181676,100000,1,0,1,50,50,10,8,0.500000000000000,8,dynamicConnect,DP,null,constant,CR/F=0.3/0.5_best/1/bin
2,3,10,3317621.781937603838742,0.162114858627319,0.000408848180552,100000,1,0,1,50,50,10,8,0.500000000000000,8,dynamicConnect,DP,null,constant,CR/F=0.3/0.5_best/1/bin
2,4,10,29658238.349464058876038,0.166086912155151,0.000558411412838,100000,1,0,1,50,50,10,8,0.500000000000000,8,dynamicConnect,DP,null,constant,CR/F=0.3/0.5_best/1/bin
2,5,10,59137.911466251433012,0.163639068603516,0.000540538965429,100000,1,0,1,50,50,10,8,0.500000000000000,8,dynamicConnect,DP,null,constant,CR/F=0.3/0.5_best/1/bin
2,6,10,209273449.552477777004242,0.188655853271484,0.000380396319887,100000,1,0,1,50,50,10,8,0.500000000000000,8,dynamicConnect,DP,null,constant,CR/F=0.3/0.5_best/1/bin
2,7,10,200.000000000000000,0.158993005752563,0.000481356796353,100000,1,0,1,50,50,10,8,0.500000000000000,8,dynamicConnect,DP,null,constant,CR/F=0.3/0.5_best/1/bin
2,8,10,4258108.445923605002463,0.152517795562744,0.000451770031858,100000,1,0,1,50,50,10,8,0.500000000000000,8,dynamicConnect,DP,null,constant,CR/F=0.3/0.5_best/1/bin
2,9,10,18790408.360323030501604,0.151823997497559,0.000423997638176,100000,1,0,1,50,50,10,8,0.500000000000000,8,dynamicConnect,DP,null,constant,CR/F=0.3/0.5_best/1/bin
2,10,10,220393134.209185898303986,0.152016162872314,0.000440713799518,100000,1,0,1,50,50,10,8,0.500000000000000,8,dynamicConnect,DP,null,constant,CR/F=0.3/0.5_best/1/bin
2,11,10,200.000000000000000,0.152082920074463,0.000493821741325,100000,1,0,1,50,50,10,8,0.500000000000000,8,dynamicConnect,DP,null,constant,CR/F=0.3/0.5_best/1/bin
2,12,10,13443098.803543724119663,0.153182029724121,0.000496504236629,100000,1,0,1,50,50,10,8,0.500000000000000,8,dynamicConnect,DP,null,constant,CR/F=0.3/0.5_best/1/bin
2,13,10,42658921.564736351370811,0.152436971664429,0.000461393847352,100000,1,0,1,50,50,10,8,0.500000000000000,8,dynamicConnect,DP,null,constant,CR/F=0.3/0.5_best/1/bin
2,14,10,79825.397977269676630,0.153032064437866,0.000592026647431,100000,1,0,1,50,50,10,8,0.500000000000000,8,dynamicConnect,DP,null,constant,CR/F=0.3/0.5_best/1/bin
2,15,10,91318676.701167613267899,0.156931877136230,0.000423870438455,100000,1,0,1,50,50,10,8,0.500000000000000,8,dynamicConnect,DP,null,constant,CR/F=0.3/0.5_best/1/bin
2,16,10,200.000000000000028,0.177304029464722,0.000412819178476,100000,1,0,1,50,50,10,8,0.500000000000000,8,dynamicConnect,DP,null,constant,CR/F=0.3/0.5_best/1/bin
2,17,10,248013113.023853898048401,0.170092821121216,0.000437329431009,100000,1,0,1,50,50,10,8,0.500000000000000,8,dynamicConnect,DP,null,constant,CR/F=0.3/0.5_best/1/bin
2,18,10,200.000000000000000,0.159982919692993,0.000447082562737,100000,1,0,1,50,50,10,8,0.500000000000000,8,dynamicConnect,DP,null,constant,CR/F=0.3/0.5_best/1/bin
2,19,10,56443971.251948282122612,0.156015872955322,0.000463035126487,100000,1,0,1,50,50,10,8,0.500000000000000,8,dynamicConnect,DP,null,constant,CR/F=0.3/0.5_best/1/bin
2,20,10,30806.727184643379587,0.175181150436401,0.000413738851847,100000,1,0,1,50,50,10,8,0.500000000000000,8,dynamicConnect,DP,null,constant,CR/F=0.3/0.5_best/1/bin
